array,https://clickhouse.com/docs/sql-reference/functions/array-functions,https://clickhouse.com/docs/sql-reference/data-types/array,https://clickhouse.com/docs/sql-reference/statements/select/array-join
json,https://clickhouse.com/docs/sql-reference/data-types/newjson,https://clickhouse.com/docs/integrations/data-formats/json/overview,https://clickhouse.com/docs/integrations/data-formats/json/inference
index,https://clickhouse.com/docs/optimize/sparse-primary-indexes,https://clickhouse.com/docs/optimize/skipping-indexes,
join,https://clickhouse.com/docs/sql-reference/statements/select/join,https://clickhouse.com/docs/guides/joining-tables,
map,https://clickhouse.com/docs/sql-reference/data-types/map,https://clickhouse.com/docs/zh/sql-reference/functions/tuple-map-functions,
if,https://clickhouse.com/docs/sql-reference/functions/conditional-functions,https://clickhouse.com/docs/sql-reference/functions/conditional-functions#if,
s3,https://clickhouse.com/docs/integrations/s3,https://clickhouse.com/docs/engines/table-engines/integrations/s3,https://clickhouse.com/docs/sql-reference/table-functions/s3
ttl,https://clickhouse.com/docs/guides/developer/ttl,https://clickhouse.com/docs/sql-reference/statements/alter/ttl,
grouparray,https://clickhouse.com/docs/sql-reference/aggregate-functions/reference/grouparray,,
date,https://clickhouse.com/docs/sql-reference/functions/date-time-functions,https://clickhouse.com/docs/sql-reference/data-types/date,
format,https://clickhouse.com/docs/interfaces/formats,https://clickhouse.com/docs/sql-reference/statements/select/format,https://clickhouse.com/docs/sql-reference/table-functions/format
with,https://clickhouse.com/docs/sql-reference/statements/select/with,,
concat,https://clickhouse.com/docs/sql-reference/functions/string-functions#concat,,
mergetree,https://clickhouse.com/docs/engines/table-engines/mergetree-family/mergetree,https://clickhouse.com/docs/operations/settings/merge-tree-settings,
todatetime,https://clickhouse.com/docs/sql-reference/functions/type-conversion-functions#todatetime,https://clickhouse.com/docs/sql-reference/functions/date-time-functions,
todate,https://clickhouse.com/docs/sql-reference/functions/type-conversion-functions#todate,,
cast,https://clickhouse.com/docs/sql-reference/functions/type-conversion-functions#cast,,
arraymap,https://clickhouse.com/docs/sql-reference/functions/array-functions#arraymapfunc-arr1-,,
insert,https://clickhouse.com/docs/guides/inserting-data,https://clickhouse.com/docs/sql-reference/statements/insert-into,
partition,https://clickhouse.com/docs/partitions,https://clickhouse.com/docs/engines/table-engines/mergetree-family/custom-partitioning-key,https://clickhouse.com/docs/sql-reference/statements/alter/partition,
kafka,https://clickhouse.com/docs/engines/table-engines/integrations/kafka,https://clickhouse.com/docs/integrations/kafka/kafka-table-engine,https://clickhouse.com/docs/knowledgebase/kafka-to-clickhouse-setup
delete,https://clickhouse.com/docs/deletes/overview,,
final,https://clickhouse.com/docs/sql-reference/statements/select/from#final-modifier,https://clickhouse.com/docs/cloud/bestpractices/avoid-optimize-final,https://clickhouse.com/docs/guides/replacing-merge-tree#final-performance
countif,https://clickhouse.com/docs/sql-reference/aggregate-functions/combinators#-if,,
arrayjoin,https://clickhouse.com/docs/sql-reference/functions/array-join,https://clickhouse.com/docs/sql-reference/statements/select/array-join,
view,https://clickhouse.com/docs/sql-reference/statements/create/view,https://clickhouse.com/docs/sql-reference/table-functions/view,https://clickhouse.com/docs/materialized-view
datetime,https://clickhouse.com/docs/sql-reference/data-types/datetime,https://clickhouse.com/docs/sql-reference/functions/date-time-functions,
create table,https://clickhouse.com/docs/sql-reference/statements/create/table,https://clickhouse.com/docs/guides/creating-tables,
update,https://clickhouse.com/docs/guides/developer/mutations,https://clickhouse.com/docs/guides/developer/lightweight-update,https://clickhouse.com/docs/updating-data/overview#update-mutations
settings,https://clickhouse.com/docs/operations/settings,https://clickhouse.com/docs/operations/settings/settings,
string,https://clickhouse.com/docs/sql-reference/data-types/string,,
tuple,https://clickhouse.com/docs/sql-reference/data-types/tuple,https://clickhouse.com/docs/sql-reference/functions/tuple-functions,
like,https://clickhouse.com/docs/sql-reference/functions/string-search-functions#like,,
engine,https://clickhouse.com/docs/engines/table-engines,,
replace,https://clickhouse.com/docs/sql-reference/functions/string-replace-functions#replaceone,https://clickhouse.com/docs/sql-reference/statements/create/table#replace-table,https://clickhouse.com/docs/sql-reference/statements/alter/partition#replace-partition
count,https://clickhouse.com/docs/sql-reference/aggregate-functions/reference/count,,
split,https://clickhouse.com/docs/sql-reference/functions/splitting-merging-functions,,
argmax,https://clickhouse.com/docs/sql-reference/aggregate-functions/reference/argmax,,
backup,https://clickhouse.com/docs/operations/backup,,
sumif,https://clickhouse.com/docs/sql-reference/aggregate-functions/combinators#-if,,
cluster,https://clickhouse.com/docs/architecture/cluster-deployment,https://clickhouse.com/docs/sql-reference/table-functions/cluster,
multiif,https://clickhouse.com/docs/sql-reference/functions/conditional-functions#multiif,,
distributed,https://clickhouse.com/docs/engines/table-engines/special/distributed,,
explain,https://clickhouse.com/docs/sql-reference/statements/explain,,
mysql,https://clickhouse.com/docs/integrations/mysql,https://clickhouse.com/docs/engines/table-engines/integrations/mysql,
alter,https://clickhouse.com/docs/sql-reference/statements/alter,,
remote,https://clickhouse.com/docs/sql-reference/table-functions/remote,,
window,https://clickhouse.com/docs/sql-reference/window-functions,,
replacingmergetree,https://clickhouse.com/docs/engines/table-engines/mergetree-family/replacingmergetree,,
datediff,https://clickhouse.com/docs/sql-reference/functions/date-time-functions#date_diff,,
csv,https://clickhouse.com/docs/integrations/data-formats/csv-tsv,,
materialized,https://clickhouse.com/docs/materialized-view/incremental-materialized-view,https://clickhouse.com/docs/materialized-view/refreshable-materialized-view,https://clickhouse.com/docs/materialized-views
merge,https://clickhouse.com/docs/parts,https://clickhouse.com/docs/engines/table-engines/mergetree-family/mergetree,
quantile,https://clickhouse.com/docs/sql-reference/aggregate-functions/reference/quantile,,
lag,https://clickhouse.com/docs/sql-reference/window-functions/lagInFrame,,
uniq,https://clickhouse.com/docs/sql-reference/aggregate-functions/reference/uniq,,
substring,https://clickhouse.com/docs/sql-reference/functions/string-functions#substring,,
max,https://clickhouse.com/docs/sql-reference/aggregate-functions/reference/max,,
mater,https://clickhouse.com/docs/materialized-view,,
bitmap,https://clickhouse.com/docs/sql-reference/functions/bitmap-functions,,
docker,https://clickhouse.com/docs/install#from-docker-image,,
match,https://clickhouse.com/docs/sql-reference/functions/string-search-functions#match,https://clickhouse.com/docs/sql-reference/functions/string-search-functions,
alter table,https://clickhouse.com/docs/sql-reference/statements/alter,https://clickhouse.com/docs/sql-reference/statements/alter/delete,
partition by,https://clickhouse.com/docs/partitions#partition-by,https://clickhouse.com/docs/engines/table-engines/mergetree-family/custom-partitioning-key,
group,https://clickhouse.com/docs/sql-reference/statements/select/group-by,,
null,https://clickhouse.com/docs/sql-reference/data-types/nullable,,
dictget,https://clickhouse.com/docs/sql-reference/functions/ext-dict-functions,,
coalesce,https://clickhouse.com/docs/sql-reference/functions/functions-for-nulls#coalesce,,
round,https://clickhouse.com/docs/sql-reference/functions/rounding-functions,,
grant,https://clickhouse.com/docs/sql-reference/statements/grant,https://clickhouse.com/docs/operations/system-tables/grants,
tostring,https://clickhouse.com/docs/sql-reference/functions/type-conversion-functions#tostring,,
primary key,https://clickhouse.com/docs/guides/creating-tables,https://clickhouse.com/docs/optimize/sparse-primary-indexes,https://clickhouse.com/docs/sql-reference/statements/create/table#primary-key
replicatedmergetree,https://clickhouse.com/docs/engines/table-engines/mergetree-family/replication,https://clickhouse.com/docs/sql-reference/statements/system#managing-replicatedmergetree-tables,
case,https://clickhouse.com/docs/sql-reference/functions/conditional-functions,,
udf,https://clickhouse.com/docs/sql-reference/functions/udf#sql-user-defined-functions,https://clickhouse.com/docs/sql-reference/statements/create/function,
todatetime64,https://clickhouse.com/docs/sql-reference/data-types/datetime64,https://clickhouse.com/docs/sql-reference/functions/type-conversion-functions#todatetime64,https://clickhouse.com/docs/sql-reference/functions/date-time-functions
create,https://clickhouse.com/docs/sql-reference/statements/create/database,https://clickhouse.com/docs/sql-reference/statements/create/table,
order by,https://clickhouse.com/docs/sql-reference/statements/select/order-by,https://clickhouse.com/docs/engines/table-engines/mergetree-family/mergetree,
formatdatetime,https://clickhouse.com/docs/sql-reference/functions/date-time-functions#formatdatetime,https://clickhouse.com/docs/sql-reference/data-types/datetime,
extract,https://clickhouse.com/docs/sql-reference/functions/string-search-functions#extract,https://clickhouse.com/docs/sql-reference/functions/string-functions,
sum,https://clickhouse.com/docs/sql-reference/aggregate-functions/reference/sum,https://clickhouse.com/docs/sql-reference/functions/arithmetic-functions,
keeper,https://clickhouse.com/docs/guides/sre/keeper/clickhouse-keeper,https://clickhouse.com/docs/knowledgebase/why_recommend_clickhouse_keeper_over_zookeeper,
type,https://clickhouse.com/docs/sql-reference/data-types,https://clickhouse.com/docs/sql-reference/functions/type-conversion-functions,
nullable,https://clickhouse.com/docs/sql-reference/data-types/nullable,https://clickhouse.com/docs/cloud/bestpractices/avoid-nullable-columns,https://clickhouse.com/docs/sql-reference/functions/functions-for-nulls
projection,https://clickhouse.com/docs/sql-reference/statements/alter/projection,https://clickhouse.com/docs/engines/table-engines/mergetree-family/mergetree#projections,https://clickhouse.com/docs/knowledgebase/projection_example
jdbc,https://clickhouse.com/docs/interfaces/jdbc,https://clickhouse.com/docs/integrations/language-clients/java/jdbc,https://clickhouse.com/docs/engines/table-engines/integrations/jdbc
ifnull,https://clickhouse.com/docs/sql-reference/functions/functions-for-nulls#ifnull,https://clickhouse.com/docs/sql-reference/functions/conditional-functions,
any,https://clickhouse.com/docs/sql-reference/aggregate-functions/reference/any,https://clickhouse.com/docs/sql-reference/aggregate-functions/reference/first_value,
optimize,https://clickhouse.com/docs/sql-reference/statements/optimize,https://clickhouse.com/docs/cloud/bestpractices/avoid-optimize-final,
uuid,https://clickhouse.com/docs/sql-reference/data-types/uuid,https://clickhouse.com/docs/sql-reference/functions/uuid-functions,
url,https://clickhouse.com/docs/sql-reference/functions/url-functions,https://clickhouse.com/docs/sql-reference/table-functions/url,https://clickhouse.com/docs/sql-reference/table-functions/urlCluster
range,https://clickhouse.com/docs/sql-reference/functions/array-functions#rangeend-rangestart--end--step,https://clickhouse.com/docs/sql-reference/window-functions,https://clickhouse.com/docs/sql-reference/operators
in,https://clickhouse.com/docs/sql-reference/operators/in,https://clickhouse.com/docs/sql-reference/functions/string-search-functions,https://clickhouse.com/docs/sql-reference/functions/array-functions
jsonextract,https://clickhouse.com/docs/sql-reference/functions/json-functions#jsonextract-functions,https://clickhouse.com/docs/knowledgebase/json_extract_example,https://clickhouse.com/docs/knowledgebase/json_simple_example
arra,https://clickhouse.com/docs/sql-reference/functions/array-functions,https://clickhouse.com/docs/sql-reference/data-types/array,https://clickhouse.com/docs/sql-reference/statements/select/array-join
python,https://clickhouse.com/docs/integrations/python,https://clickhouse.com/docs/knowledgebase/python-clickhouse-connect-example,
dictionary,https://clickhouse.com/docs/dictionary,https://clickhouse.com/docs/sql-reference/table-functions/dictionary,https://clickhouse.com/docs/sql-reference/dictionaries
file,https://clickhouse.com/docs/sql-reference/table-functions/file,https://clickhouse.com/docs/engines/table-engines/special/file,https://clickhouse.com/docs/sql-reference/functions/files
has,https://clickhouse.com/docs/sql-reference/functions/array-functions#hasarr-elem,,
empty,https://clickhouse.com/docs/sql-reference/functions/array-functions#empty,https://clickhouse.com/docs/sql-reference/functions/string-functions#empty,https://clickhouse.com/docs/sql-reference/functions/uuid-functions#empty
select,https://clickhouse.com/docs/sql-reference/statements/select,https://clickhouse.com/docs/guides/writing-queries,
query_log,https://clickhouse.com/docs/operations/system-tables/query_log,https://clickhouse.com/docs/knowledgebase/find-expensive-queries,
interval,https://clickhouse.com/docs/sql-reference/data-types/special-data-types/interval,https://clickhouse.com/docs/sql-reference/functions/date-time-functions,https://clickhouse.com/docs/sql-reference/window-functions
regex,https://clickhouse.com/docs/sql-reference/functions/string-search-functions,https://clickhouse.com/docs/sql-reference/functions/string-replace-functions,https://clickhouse.com/docs/integrations/data-formats/templates-regexp
arraystringconcat,https://clickhouse.com/docs/sql-reference/functions/splitting-merging-functions#arraystringconcat,https://clickhouse.com/docs/sql-reference/functions/array-functions,
between,https://clickhouse.com/docs/sql-reference/functions/date-time-functions,https://clickhouse.com/docs/sql-reference/operators#comparison-operators,https://clickhouse.com/docs/sql-reference/operators#between-function
system,https://clickhouse.com/docs/operations/system-tables,https://clickhouse.com/docs/sql-reference/statements/system,
replicatedreplacingmergetree,https://clickhouse.com/docs/engines/table-engines/mergetree-family/replacingmergetree,https://clickhouse.com/docs/engines/table-engines/mergetree-family/replication,
trim,https://clickhouse.com/docs/sql-reference/functions/string-functions#trim,,
rename,https://clickhouse.com/docs/sql-reference/statements/rename,https://clickhouse.com/docs/sql-reference/statements/alter/column#rename-column,https://clickhouse.com/docs/engines/database-engines/atomic#rename-table
zookeeper,https://clickhouse.com/docs/operations/system-tables/zookeeper,https://clickhouse.com/docs/guides/sre/keeper/clickhouse-keeper,https://clickhouse.com/docs/knowledgebase/why_recommend_clickhouse_keeper_over_zookeeper
time,https://clickhouse.com/docs/sql-reference/functions/date-time-functions,https://clickhouse.com/docs/sql-reference/data-types/datetime,https://clickhouse.com/docs/sql-reference/functions/time-window-functions
arrayfilter,https://clickhouse.com/docs/sql-reference/functions/array-functions#arrayfilterfunc-arr1-,,
http,https://clickhouse.com/docs/interfaces/http,https://clickhouse.com/docs/operations/external-authenticators/http,
splitbychar,https://clickhouse.com/docs/sql-reference/functions/splitting-merging-functions#splitbychar,,
now,https://clickhouse.com/docs/sql-reference/functions/date-time-functions#now,,
topk,https://clickhouse.com/docs/sql-reference/aggregate-functions/reference/topk,,
set,https://clickhouse.com/docs/sql-reference/statements/set,https://clickhouse.com/docs/sql-reference/data-types/special-data-types/set,https://clickhouse.com/docs/engines/table-engines/special/set
jsonextractstring,https://clickhouse.com/docs/sql-reference/functions/json-functions#jsonextractstring,https://clickhouse.com/docs/knowledgebase/json_extract_example,
materialized view,https://clickhouse.com/docs/materialized-view,https://clickhouse.com/docs/materialized-view/refreshable-materialized-view,
case when,https://clickhouse.com/docs/sql-reference/functions/conditional-functions,,
length,https://clickhouse.com/docs/sql-reference/functions/string-functions#length,,
position,https://clickhouse.com/docs/sql-reference/functions/string-search-functions#position,,
decimal,https://clickhouse.com/docs/sql-reference/data-types/decimal,,
prometheus,https://clickhouse.com/docs/integrations/prometheus,https://clickhouse.com/docs/interfaces/prometheus,
substr,https://clickhouse.com/docs/sql-reference/functions/string-functions#substring,https://clickhouse.com/docs/sql-reference/functions/string-functions#substringutf8,
regexp,https://clickhouse.com/docs/sql-reference/functions/string-search-functions#regexpextract,,
create user,https://clickhouse.com/docs/sql-reference/statements/create/user,,
avg,https://clickhouse.com/docs/sql-reference/aggregate-functions/reference/avg,,
functions,https://clickhouse.com/docs/operations/system-tables/functions,,
function,https://clickhouse.com/docs/sql-reference/functions/in-functions,,
timezone,https://clickhouse.com/docs/sql-reference/functions/date-time-functions#timezone,https://clickhouse.com/docs/operations/server-configuration-parameters/settings#timezone,
union,https://clickhouse.com/docs/sql-reference/statements/select/union,,
dict,https://clickhouse.com/docs/dictionary,https://clickhouse.com/docs/sql-reference/dictionaries,
array join,https://clickhouse.com/docs/sql-reference/statements/select/array-join,https://clickhouse.com/docs/sql-reference/functions/array-join,
clickhouse,https://clickhouse.com/docs/intro,
nested,https://clickhouse.com/docs/sql-reference/data-types/nested-data-structures/nested,https://clickhouse.com/docs/sql-reference/data-types/nested-data-structures/nested#nestedname1-type1-name2-type2-,
sample,https://clickhouse.com/docs/sql-reference/statements/select/sample,,
distinct,https://clickhouse.com/docs/sql-reference/statements/select/distinct,,
hash,https://clickhouse.com/docs/sql-reference/functions/hash-functions,,
codec,https://clickhouse.com/docs/sql-reference/statements/create/table#column_compression_codec,https://clickhouse.com/docs/data-compression/compression-in-clickhouse,https://clickhouse.com/docs/use-cases/observability/schema-design#using-codecs
timestamp,https://clickhouse.com/docs/sql-reference/functions/date-time-functions#timestamp,,
drop,https://clickhouse.com/docs/sql-reference/statements/drop,,
parquet,https://clickhouse.com/docs/integrations/data-formats/parquet,https://clickhouse.com/docs/knowledgebase/ingest-parquet-files-in-s3,
max_execution_time,https://clickhouse.com/docs/operations/settings/query-complexity#max-execution-time,https://clickhouse.com/docs/operations/settings/settings#max_execution_time,
on cluster,https://clickhouse.com/docs/sql-reference/distributed-ddl,,
aggregatefunction,https://clickhouse.com/docs/sql-reference/data-types/aggregatefunction,,
groupuniqarray,https://clickhouse.com/docs/sql-reference/aggregate-functions/reference/groupuniqarray,,
clickhouse-client,https://clickhouse.com/docs/interfaces/cli,,
materi,https://clickhouse.com/docs/materialized-view/incremental-materialized-view,https://clickhouse.com/docs/materialized-view/refreshable-materialized-view,https://clickhouse.com/docs/materialized-view
max_threads,https://clickhouse.com/docs/operations/settings/settings#max_threads,,
limit,https://clickhouse.com/docs/sql-reference/statements/select/limit,,
toint,https://clickhouse.com/docs/sql-reference/functions/type-conversion-functions,,
shard,https://clickhouse.com/docs/concepts/glossary#shard,https://clickhouse.com/docs/concepts/glossary,
timeout,https://clickhouse.com/docs/operations/server-configuration-parameters/settings,https://clickhouse.com/docs/operations/settings/settings#timeout_overflow_mode,
date_diff,https://clickhouse.com/docs/sql-reference/functions/date-time-functions#date_diff,,
default,https://clickhouse.com/docs/operations/settings/settings-users,https://clickhouse.com/docs/knowledgebase/remove-default-user,
tostartofinterval,https://clickhouse.com/docs/sql-reference/functions/date-time-functions#tostartofinterval,,
populate,https://clickhouse.com/docs/data-modeling/backfilling#scenario-2-adding-materialized-views-to-existing-tables,,
max_memory_usage,https://clickhouse.com/docs/operations/settings/query-complexity#settings_max_memory_usage,,
user,https://clickhouse.com/docs/operations/system-tables/users,https://clickhouse.com/docs/sql-reference/statements/create/user,
truncate,https://clickhouse.com/docs/managing-data/truncate,https://clickhouse.com/docs/sql-reference/statements/truncate,
contains,https://clickhouse.com/docs/sql-reference/functions/string-search-functions,,
insert into,https://clickhouse.com/docs/sql-reference/statements/insert-into,,
enum,https://clickhouse.com/docs/sql-reference/data-types/enum,,
client,https://clickhouse.com/docs/interfaces/cli,,
hdfs,https://clickhouse.com/docs/engines/table-engines/integrations/hdfs,,
lowcardinality,https://clickhouse.com/docs/sql-reference/data-types/lowcardinality,,
laginframe,https://clickhouse.com/docs/sql-reference/window-functions/lagInFrame,,
datetime64,https://clickhouse.com/docs/sql-reference/data-types/datetime64,,
jsoneachrow,https://clickhouse.com/docs/interfaces/formats#jsoneachrow,,
nullif,https://clickhouse.com/docs/sql-reference/functions/functions-for-nulls#nullif,,
min,https://clickhouse.com/docs/sql-reference/aggregate-functions/reference/min,,
add column,https://clickhouse.com/docs/sql-reference/statements/alter/column#add-column,,
arraysort,https://clickhouse.com/docs/sql-reference/functions/array-functions#sort,,
hasany,https://clickhouse.com/docs/sql-reference/functions/array-functions#hasany,,
jsonex,https://clickhouse.com/docs/sql-reference/functions/json-functions#jsonextract-functions,,
int,https://clickhouse.com/docs/sql-reference/data-types/int-uint,,
config,https://clickhouse.com/docs/operations/configuration-files,https://clickhouse.com/docs/operations/server-configuration-parameters/settings,https://clickhouse.com/docs/manage/settings
config.xml,https://clickhouse.com/docs/operations/server-configuration-parameters/settings,,
where,https://clickhouse.com/docs/sql-reference/statements/select/where,,
replica,https://clickhouse.com/docs/architecture/horizontal-scaling,,
last,https://clickhouse.com/docs/sql-reference/window-functions/last_value,,
version,https://clickhouse.com/docs/sql-reference/functions/other-functions#version,https://clickhouse.com/docs/faq/operations/production,
greatest,https://clickhouse.com/docs/sql-reference/functions/conditional-functions#greatest,https://clickhouse.com/docs/sql-reference/functions/other-functions#greatest,
nan,https://clickhouse.com/docs/sql-reference/data-types/float#nan-and-inf,,
log,https://clickhouse.com/docs/sql-reference/functions/math-functions#log,,
compression,https://clickhouse.com/docs/data-compression/compression-in-clickhouse,,
data type,https://clickhouse.com/docs/sql-reference/data-types,,
float,https://clickhouse.com/docs/sql-reference/data-types/float,,
today,https://clickhouse.com/docs/sql-reference/functions/date-time-functions#today,,
pivot,https://clickhouse.com/docs/knowledgebase/pivot,,
parsedatetimebesteffort,https://clickhouse.com/docs/sql-reference/functions/type-conversion-functions#parsedatetimebesteffort,,
replicated,https://clickhouse.com/docs/engines/table-engines/mergetree-family/replication,https://clickhouse.com/docs/engines/database-engines/replicated,
jsonextractarrayraw,https://clickhouse.com/docs/sql-reference/functions/json-functions#jsonextractarrayraw,https://clickhouse.com/docs/sql-reference/functions/json-functions#jsonextract-functions,
row,https://clickhouse.com/docs/sql-reference/window-functions/row_number,,
tounixtimestamp,https://clickhouse.com/docs/sql-reference/functions/date-time-functions#tounixtimestamp,,
alias,https://clickhouse.com/docs/sql-reference/syntax#expression-aliases,,
first,https://clickhouse.com/docs/sql-reference/aggregate-functions/reference/first_value,,
over,https://clickhouse.com/docs/sql-reference/window-functions,,
lead,https://clickhouse.com/docs/sql-reference/window-functions/leadInFrame,https://clickhouse.com/docs/sql-reference/window-functions,
max_threads,https://clickhouse.com/docs/operations/settings/settings#max_threads,,
max_insert_threads,https://clickhouse.com/docs/operations/settings/settings#max_insert_threads,,
min_insert_block_size_bytes,https://clickhouse.com/docs/operations/settings/settings#min_insert_block_size_bytes,,
min_insert_block_size_rows,https://clickhouse.com/docs/operations/settings/settings#min_insert_block_size_rows,,
allow_experimental_parallel_reading_from_replicas,https://clickhouse.com/docs/operations/settings/settings#allow_experimental_parallel_reading_from_replicas,,
join_algorithm,https://clickhouse.com/docs/operations/settings/settings#join_algorithm,,
max_memory_usage,https://clickhouse.com/docs/operations/settings/settings#max_memory_usage,,
max_bytes_before_external_group_by,https://clickhouse.com/docs/operations/settings/settings#max_bytes_before_external_group_by,https://clickhouse.com/docs/operations/settings/query-complexity#settings-max_bytes_before_external_group_by,https://clickhouse.com/docs/sql-reference/statements/select/group-by#group-by-in-external-memory
max_bytes_before_external_sort,https://clickhouse.com/docs/operations/settings/settings#max_bytes_before_external_sort,,
result_overflow_mode,https://clickhouse.com/docs/operations/settings/settings#result_overflow_mode,,
use_query_cache,https://clickhouse.com/docs/operations/settings/settings#use_query_cache,,
date time best effort,https://clickhouse.com/docs/sql-reference/functions/type-conversion-functions#parsedatetimebesteffortusorzero,https://clickhouse.com/docs/sql-reference/functions/type-conversion-functions#parsedatetimebesteffort,
if,https://clickhouse.com/docs/sql-reference/functions/conditional-functions,,
system parts,https://clickhouse.com/docs/operations/system-tables/parts,,
system tables,https://clickhouse.com/docs/operations/system-tables/tables,https://clickhouse.com/docs/operations/system-tables/overview,,
sparse primary keys,https://clickhouse.com/docs/guides/best-practices/sparse-primary-indexes#a-full-table-scan,,
ParquetMetadata,https://clickhouse.com/docs/interfaces/formats/ParquetMetadata,,
filelog,https://clickhouse.com/docs/engines/table-engines/special/filelog,,
